case_id,diagnosed,diagnosis_ground_truth_compatible,errors,executable,execution_status,fault_category,gate_type,ground_truth_category,ground_truth_location,ground_truth_status,mutant_circuit,mutation_type,num_qubits,parsed,predicted_category,predicted_location,reference_circuit,source_files,status,support_status,system_diagnosis,translated,unsupported_reason
AddGate_h_inGap_1_,True,False,[],True,COMPLETED,AddGate,h_inGap_1_,,,MISSING,"[[""h"", 1], [""h"", 1], [""cx"", 1, 0], [""barrier"", 0, 1], [""barrier"", 0, 1], [""measure"", 0], [""measure"", 1]]",AddGate,2,True,PROGRAM_FAULT,,"[[""h"", 1], [""cx"", 1, 0], [""barrier"", 0, 1], [""barrier"", 0, 1], [""measure"", 0], [""measure"", 1]]","[""data\\qmutbench\\Origin_programs\\ghz_2_qubits.qasm"", ""data\\qmutbench\\Mutated_programs\\Mutants_ghz_2_qubits\\AddGate_h_inGap_1_.qasm""]",OK,SUPPORTED,"{""anomaly_detected"": true, ""category"": ""PROGRAM_FAULT"", ""evidence"": [""Observed distribution differs from expected distribution by TVD=0.492188, which exceeds threshold=0.050000."", ""Step 0: inserted h on qubits (1,) without corresponding expected operation."", ""Hardware calibration information was not provided.""], ""hardware_evidence_candidates"": [], ""hardware_result"": null, ""missing_evidence"": [""Hardware calibration information was not provided.""], ""program_evidence_candidates"": [{""actual_signature"": [""h"", [1], []], ""evidence"": [""Step 0: inserted h on qubits (1,) without corresponding expected operation.""], ""expected_signature"": null, ""index"": 0, ""operation"": ""h"", ""qubits"": [1], ""reason"": ""Inserted operation relative to expected circuit"", ""score"": 1.0}], ""program_result"": {""anomaly_metric"": 0.5, ""candidates"": [{""actual_signature"": [""h"", [1], []], ""evidence"": [""Step 0: inserted h on qubits (1,) without corresponding expected operation.""], ""expected_signature"": null, ""index"": 0, ""operation"": ""h"", ""qubits"": [1], ""reason"": ""Inserted operation relative to expected circuit"", ""score"": 1.0}], ""evidence"": [""Step 0: inserted h on qubits (1,) without corresponding expected operation.""], ""summary"": ""Program fault localization identified the following likely offending operation(s): step 0 (h)"", ""threshold"": 0.05}, ""statistics_result"": {""anomaly_detected"": true, ""expected_distribution"": {""00"": 0.5078125, ""01"": 0.0, ""10"": 0.0, ""11"": 0.4921875}, ""finite_shot_guard"": 0.05, ""hellinger_distance"": 0.5360880145209729, ""js_divergence"": 0.21149030503761912, ""message"": ""Observed distribution differs from expected distribution by TVD=0.492188, which exceeds threshold=0.050000."", ""observed_distribution"": {""00"": 1.0, ""01"": 0.0, ""10"": 0.0, ""11"": 0.0}, ""reason"": ""Distance exceeds configured threshold and finite-shot tolerance"", ""shots"": 1024, ""threshold"": 0.05, ""total_variation_distance"": 0.4921875}, ""summary"": ""An execution anomaly is accompanied by program-operation fault evidence.""}",True,
AddGate_rxx_inGap_1_,True,False,[],True,COMPLETED,AddGate,rxx_inGap_1_,,,MISSING,"[[""rxx"", 0, 1, 3.141592653589793], [""h"", 1], [""cx"", 1, 0], [""barrier"", 0, 1], [""barrier"", 0, 1], [""measure"", 0], [""measure"", 1]]",AddGate,2,True,PROGRAM_FAULT,,"[[""h"", 1], [""cx"", 1, 0], [""barrier"", 0, 1], [""barrier"", 0, 1], [""measure"", 0], [""measure"", 1]]","[""data\\qmutbench\\Origin_programs\\ghz_2_qubits.qasm"", ""data\\qmutbench\\Mutated_programs\\Mutants_ghz_2_qubits\\AddGate_rxx_inGap_1_.qasm""]",OK,SUPPORTED,"{""anomaly_detected"": true, ""category"": ""PROGRAM_FAULT"", ""evidence"": [""Observed distribution differs from expected distribution by TVD=1.000000, which exceeds threshold=0.050000."", ""Step 0: inserted rxx on qubits (0, 1) without corresponding expected operation."", ""Hardware calibration information was not provided.""], ""hardware_evidence_candidates"": [], ""hardware_result"": null, ""missing_evidence"": [""Hardware calibration information was not provided.""], ""program_evidence_candidates"": [{""actual_signature"": [""rxx"", [0, 1], [3.141592653589793]], ""evidence"": [""Step 0: inserted rxx on qubits (0, 1) without corresponding expected operation.""], ""expected_signature"": null, ""index"": 0, ""operation"": ""rxx"", ""qubits"": [0, 1], ""reason"": ""Inserted operation relative to expected circuit"", ""score"": 1.0}], ""program_result"": {""anomaly_metric"": 1.0, ""candidates"": [{""actual_signature"": [""rxx"", [0, 1], [3.141592653589793]], ""evidence"": [""Step 0: inserted rxx on qubits (0, 1) without corresponding expected operation.""], ""expected_signature"": null, ""index"": 0, ""operation"": ""rxx"", ""qubits"": [0, 1], ""reason"": ""Inserted operation relative to expected circuit"", ""score"": 1.0}], ""evidence"": [""Step 0: inserted rxx on qubits (0, 1) without corresponding expected operation.""], ""summary"": ""Program fault localization identified the following likely offending operation(s): step 0 (rxx)"", ""threshold"": 0.05}, ""statistics_result"": {""anomaly_detected"": true, ""expected_distribution"": {""00"": 0.5078125, ""01"": 0.0, ""10"": 0.0, ""11"": 0.4921875}, ""finite_shot_guard"": 0.05, ""hellinger_distance"": 1.0, ""js_divergence"": 0.6931471805599453, ""message"": ""Observed distribution differs from expected distribution by TVD=1.000000, which exceeds threshold=0.050000."", ""observed_distribution"": {""00"": 0.0, ""01"": 0.5078125, ""10"": 0.4921875, ""11"": 0.0}, ""reason"": ""Distance exceeds configured threshold and finite-shot tolerance"", ""shots"": 1024, ""threshold"": 0.05, ""total_variation_distance"": 1.0}, ""summary"": ""An execution anomaly is accompanied by program-operation fault evidence.""}",True,
AddGate_ry_inGap_1_,True,False,[],True,COMPLETED,AddGate,ry_inGap_1_,,,MISSING,"[[""ry"", 1, 1.5707963267948966], [""h"", 1], [""cx"", 1, 0], [""barrier"", 0, 1], [""barrier"", 0, 1], [""measure"", 0], [""measure"", 1]]",AddGate,2,True,PROGRAM_FAULT,,"[[""h"", 1], [""cx"", 1, 0], [""barrier"", 0, 1], [""barrier"", 0, 1], [""measure"", 0], [""measure"", 1]]","[""data\\qmutbench\\Origin_programs\\ghz_2_qubits.qasm"", ""data\\qmutbench\\Mutated_programs\\Mutants_ghz_2_qubits\\AddGate_ry_inGap_1_.qasm""]",OK,SUPPORTED,"{""anomaly_detected"": true, ""category"": ""PROGRAM_FAULT"", ""evidence"": [""Observed distribution differs from expected distribution by TVD=0.492188, which exceeds threshold=0.050000."", ""Step 0: inserted ry on qubits (1,) without corresponding expected operation."", ""Hardware calibration information was not provided.""], ""hardware_evidence_candidates"": [], ""hardware_result"": null, ""missing_evidence"": [""Hardware calibration information was not provided.""], ""program_evidence_candidates"": [{""actual_signature"": [""ry"", [1], [1.5707963267948966]], ""evidence"": [""Step 0: inserted ry on qubits (1,) without corresponding expected operation.""], ""expected_signature"": null, ""index"": 0, ""operation"": ""ry"", ""qubits"": [1], ""reason"": ""Inserted operation relative to expected circuit"", ""score"": 1.0}], ""program_result"": {""anomaly_metric"": 0.5, ""candidates"": [{""actual_signature"": [""ry"", [1], [1.5707963267948966]], ""evidence"": [""Step 0: inserted ry on qubits (1,) without corresponding expected operation.""], ""expected_signature"": null, ""index"": 0, ""operation"": ""ry"", ""qubits"": [1], ""reason"": ""Inserted operation relative to expected circuit"", ""score"": 1.0}], ""evidence"": [""Step 0: inserted ry on qubits (1,) without corresponding expected operation.""], ""summary"": ""Program fault localization identified the following likely offending operation(s): step 0 (ry)"", ""threshold"": 0.05}, ""statistics_result"": {""anomaly_detected"": true, ""expected_distribution"": {""00"": 0.5078125, ""01"": 0.0, ""10"": 0.0, ""11"": 0.4921875}, ""finite_shot_guard"": 0.05, ""hellinger_distance"": 0.5360880145209729, ""js_divergence"": 0.21149030503761912, ""message"": ""Observed distribution differs from expected distribution by TVD=0.492188, which exceeds threshold=0.050000."", ""observed_distribution"": {""00"": 1.0, ""01"": 0.0, ""10"": 0.0, ""11"": 0.0}, ""reason"": ""Distance exceeds configured threshold and finite-shot tolerance"", ""shots"": 1024, ""threshold"": 0.05, ""total_variation_distance"": 0.4921875}, ""summary"": ""An execution anomaly is accompanied by program-operation fault evidence.""}",True,
RemoveGate_1_,True,False,[],True,COMPLETED,RemoveGate,1_,,,MISSING,"[[""cx"", 1, 0], [""barrier"", 0, 1], [""barrier"", 0, 1], [""measure"", 0], [""measure"", 1]]",RemoveGate,2,True,PROGRAM_FAULT,,"[[""h"", 1], [""cx"", 1, 0], [""barrier"", 0, 1], [""barrier"", 0, 1], [""measure"", 0], [""measure"", 1]]","[""data\\qmutbench\\Origin_programs\\ghz_2_qubits.qasm"", ""data\\qmutbench\\Mutated_programs\\Mutants_ghz_2_qubits\\RemoveGate_1_.qasm""]",OK,SUPPORTED,"{""anomaly_detected"": true, ""category"": ""PROGRAM_FAULT"", ""evidence"": [""Observed distribution differs from expected distribution by TVD=0.492188, which exceeds threshold=0.050000."", ""Step 0: expected h on qubits (1,) but it was not executed."", ""Hardware calibration information was not provided.""], ""hardware_evidence_candidates"": [], ""hardware_result"": null, ""missing_evidence"": [""Hardware calibration information was not provided.""], ""program_evidence_candidates"": [{""actual_signature"": null, ""evidence"": [""Step 0: expected h on qubits (1,) but it was not executed.""], ""expected_signature"": [""h"", [1], []], ""index"": 0, ""operation"": ""h"", ""qubits"": [1], ""reason"": ""Expected operation missing in observed circuit"", ""score"": 1.0}], ""program_result"": {""anomaly_metric"": 0.5, ""candidates"": [{""actual_signature"": null, ""evidence"": [""Step 0: expected h on qubits (1,) but it was not executed.""], ""expected_signature"": [""h"", [1], []], ""index"": 0, ""operation"": ""h"", ""qubits"": [1], ""reason"": ""Expected operation missing in observed circuit"", ""score"": 1.0}], ""evidence"": [""Step 0: expected h on qubits (1,) but it was not executed.""], ""summary"": ""Program fault localization identified the following likely offending operation(s): step 0 (h)"", ""threshold"": 0.05}, ""statistics_result"": {""anomaly_detected"": true, ""expected_distribution"": {""00"": 0.5078125, ""01"": 0.0, ""10"": 0.0, ""11"": 0.4921875}, ""finite_shot_guard"": 0.05, ""hellinger_distance"": 0.5360880145209729, ""js_divergence"": 0.21149030503761912, ""message"": ""Observed distribution differs from expected distribution by TVD=0.492188, which exceeds threshold=0.050000."", ""observed_distribution"": {""00"": 1.0, ""01"": 0.0, ""10"": 0.0, ""11"": 0.0}, ""reason"": ""Distance exceeds configured threshold and finite-shot tolerance"", ""shots"": 1024, ""threshold"": 0.05, ""total_variation_distance"": 0.4921875}, ""summary"": ""An execution anomaly is accompanied by program-operation fault evidence.""}",True,
ReplaceGate_h_inPositionOfGate_1,True,False,[],True,COMPLETED,ReplaceGate,h_inPositionOfGate_1,,,MISSING,"[[""p"", 1, 4.71238898038469], [""cx"", 1, 0], [""barrier"", 0, 1], [""barrier"", 0, 1], [""measure"", 0], [""measure"", 1]]",ReplaceGate,2,True,PROGRAM_FAULT,,"[[""h"", 1], [""cx"", 1, 0], [""barrier"", 0, 1], [""barrier"", 0, 1], [""measure"", 0], [""measure"", 1]]","[""data\\qmutbench\\Origin_programs\\ghz_2_qubits.qasm"", ""data\\qmutbench\\Mutated_programs\\Mutants_ghz_2_qubits\\ReplaceGate_h_inPositionOfGate_1.qasm""]",OK,SUPPORTED,"{""anomaly_detected"": true, ""category"": ""PROGRAM_FAULT"", ""evidence"": [""Observed distribution differs from expected distribution by TVD=0.492188, which exceeds threshold=0.050000."", ""Step 0: expected h(1,)() but observed p(1,)(4.71238898038469,)"", ""Mismatch score = 0.75"", ""Hardware calibration information was not provided.""], ""hardware_evidence_candidates"": [], ""hardware_result"": null, ""missing_evidence"": [""Hardware calibration information was not provided.""], ""program_evidence_candidates"": [{""actual_signature"": [""p"", [1], [4.71238898038469]], ""evidence"": [""Step 0: expected h(1,)() but observed p(1,)(4.71238898038469,)"", ""Mismatch score = 0.75""], ""expected_signature"": [""h"", [1], []], ""index"": 0, ""operation"": ""p"", ""qubits"": [1], ""reason"": ""Gate operation differs from expected circuit"", ""score"": 0.75}], ""program_result"": {""anomaly_metric"": 0.5, ""candidates"": [{""actual_signature"": [""p"", [1], [4.71238898038469]], ""evidence"": [""Step 0: expected h(1,)() but observed p(1,)(4.71238898038469,)"", ""Mismatch score = 0.75""], ""expected_signature"": [""h"", [1], []], ""index"": 0, ""operation"": ""p"", ""qubits"": [1], ""reason"": ""Gate operation differs from expected circuit"", ""score"": 0.75}], ""evidence"": [""Step 0: expected h(1,)() but observed p(1,)(4.71238898038469,)"", ""Mismatch score = 0.75""], ""summary"": ""Program fault localization identified the following likely offending operation(s): step 0 (p)"", ""threshold"": 0.05}, ""statistics_result"": {""anomaly_detected"": true, ""expected_distribution"": {""00"": 0.5078125, ""01"": 0.0, ""10"": 0.0, ""11"": 0.4921875}, ""finite_shot_guard"": 0.05, ""hellinger_distance"": 0.5360880145209729, ""js_divergence"": 0.21149030503761912, ""message"": ""Observed distribution differs from expected distribution by TVD=0.492188, which exceeds threshold=0.050000."", ""observed_distribution"": {""00"": 1.0, ""01"": 0.0, ""10"": 0.0, ""11"": 0.0}, ""reason"": ""Distance exceeds configured threshold and finite-shot tolerance"", ""shots"": 1024, ""threshold"": 0.05, ""total_variation_distance"": 0.4921875}, ""summary"": ""An execution anomaly is accompanied by program-operation fault evidence.""}",True,
ReplaceGate_id_inPositionOfGate_1,True,False,[],True,COMPLETED,ReplaceGate,id_inPositionOfGate_1,,,MISSING,"[[""id"", 1], [""cx"", 1, 0], [""barrier"", 0, 1], [""barrier"", 0, 1], [""measure"", 0], [""measure"", 1]]",ReplaceGate,2,True,PROGRAM_FAULT,,"[[""h"", 1], [""cx"", 1, 0], [""barrier"", 0, 1], [""barrier"", 0, 1], [""measure"", 0], [""measure"", 1]]","[""data\\qmutbench\\Origin_programs\\ghz_2_qubits.qasm"", ""data\\qmutbench\\Mutated_programs\\Mutants_ghz_2_qubits\\ReplaceGate_id_inPositionOfGate_1.qasm""]",OK,SUPPORTED,"{""anomaly_detected"": true, ""category"": ""PROGRAM_FAULT"", ""evidence"": [""Observed distribution differs from expected distribution by TVD=0.492188, which exceeds threshold=0.050000."", ""Step 0: expected h(1,)() but observed id(1,)()"", ""Mismatch score = 0.50"", ""Hardware calibration information was not provided.""], ""hardware_evidence_candidates"": [], ""hardware_result"": null, ""missing_evidence"": [""Hardware calibration information was not provided.""], ""program_evidence_candidates"": [{""actual_signature"": [""id"", [1], []], ""evidence"": [""Step 0: expected h(1,)() but observed id(1,)()"", ""Mismatch score = 0.50""], ""expected_signature"": [""h"", [1], []], ""index"": 0, ""operation"": ""id"", ""qubits"": [1], ""reason"": ""Gate operation differs from expected circuit"", ""score"": 0.5}], ""program_result"": {""anomaly_metric"": 0.5, ""candidates"": [{""actual_signature"": [""id"", [1], []], ""evidence"": [""Step 0: expected h(1,)() but observed id(1,)()"", ""Mismatch score = 0.50""], ""expected_signature"": [""h"", [1], []], ""index"": 0, ""operation"": ""id"", ""qubits"": [1], ""reason"": ""Gate operation differs from expected circuit"", ""score"": 0.5}], ""evidence"": [""Step 0: expected h(1,)() but observed id(1,)()"", ""Mismatch score = 0.50""], ""summary"": ""Program fault localization identified the following likely offending operation(s): step 0 (id)"", ""threshold"": 0.05}, ""statistics_result"": {""anomaly_detected"": true, ""expected_distribution"": {""00"": 0.5078125, ""01"": 0.0, ""10"": 0.0, ""11"": 0.4921875}, ""finite_shot_guard"": 0.05, ""hellinger_distance"": 0.5360880145209729, ""js_divergence"": 0.21149030503761912, ""message"": ""Observed distribution differs from expected distribution by TVD=0.492188, which exceeds threshold=0.050000."", ""observed_distribution"": {""00"": 1.0, ""01"": 0.0, ""10"": 0.0, ""11"": 0.0}, ""reason"": ""Distance exceeds configured threshold and finite-shot tolerance"", ""shots"": 1024, ""threshold"": 0.05, ""total_variation_distance"": 0.4921875}, ""summary"": ""An execution anomaly is accompanied by program-operation fault evidence.""}",True,
ReplaceGate_rz_inPositionOfGate_1,True,False,[],True,COMPLETED,ReplaceGate,rz_inPositionOfGate_1,,,MISSING,"[[""rz"", 1, 4.71238898038469], [""cx"", 1, 0], [""barrier"", 0, 1], [""barrier"", 0, 1], [""measure"", 0], [""measure"", 1]]",ReplaceGate,2,True,PROGRAM_FAULT,,"[[""h"", 1], [""cx"", 1, 0], [""barrier"", 0, 1], [""barrier"", 0, 1], [""measure"", 0], [""measure"", 1]]","[""data\\qmutbench\\Origin_programs\\ghz_2_qubits.qasm"", ""data\\qmutbench\\Mutated_programs\\Mutants_ghz_2_qubits\\ReplaceGate_rz_inPositionOfGate_1.qasm""]",OK,SUPPORTED,"{""anomaly_detected"": true, ""category"": ""PROGRAM_FAULT"", ""evidence"": [""Observed distribution differs from expected distribution by TVD=0.492188, which exceeds threshold=0.050000."", ""Step 0: expected h(1,)() but observed rz(1,)(4.71238898038469,)"", ""Mismatch score = 0.75"", ""Hardware calibration information was not provided.""], ""hardware_evidence_candidates"": [], ""hardware_result"": null, ""missing_evidence"": [""Hardware calibration information was not provided.""], ""program_evidence_candidates"": [{""actual_signature"": [""rz"", [1], [4.71238898038469]], ""evidence"": [""Step 0: expected h(1,)() but observed rz(1,)(4.71238898038469,)"", ""Mismatch score = 0.75""], ""expected_signature"": [""h"", [1], []], ""index"": 0, ""operation"": ""rz"", ""qubits"": [1], ""reason"": ""Gate operation differs from expected circuit"", ""score"": 0.75}], ""program_result"": {""anomaly_metric"": 0.5, ""candidates"": [{""actual_signature"": [""rz"", [1], [4.71238898038469]], ""evidence"": [""Step 0: expected h(1,)() but observed rz(1,)(4.71238898038469,)"", ""Mismatch score = 0.75""], ""expected_signature"": [""h"", [1], []], ""index"": 0, ""operation"": ""rz"", ""qubits"": [1], ""reason"": ""Gate operation differs from expected circuit"", ""score"": 0.75}], ""evidence"": [""Step 0: expected h(1,)() but observed rz(1,)(4.71238898038469,)"", ""Mismatch score = 0.75""], ""summary"": ""Program fault localization identified the following likely offending operation(s): step 0 (rz)"", ""threshold"": 0.05}, ""statistics_result"": {""anomaly_detected"": true, ""expected_distribution"": {""00"": 0.5078125, ""01"": 0.0, ""10"": 0.0, ""11"": 0.4921875}, ""finite_shot_guard"": 0.05, ""hellinger_distance"": 0.5360880145209729, ""js_divergence"": 0.21149030503761912, ""message"": ""Observed distribution differs from expected distribution by TVD=0.492188, which exceeds threshold=0.050000."", ""observed_distribution"": {""00"": 1.0, ""01"": 0.0, ""10"": 0.0, ""11"": 0.0}, ""reason"": ""Distance exceeds configured threshold and finite-shot tolerance"", ""shots"": 1024, ""threshold"": 0.05, ""total_variation_distance"": 0.4921875}, ""summary"": ""An execution anomaly is accompanied by program-operation fault evidence.""}",True,
ReplaceGate_s_inPositionOfGate_1,True,False,[],True,COMPLETED,ReplaceGate,s_inPositionOfGate_1,,,MISSING,"[[""s"", 1], [""cx"", 1, 0], [""barrier"", 0, 1], [""barrier"", 0, 1], [""measure"", 0], [""measure"", 1]]",ReplaceGate,2,True,PROGRAM_FAULT,,"[[""h"", 1], [""cx"", 1, 0], [""barrier"", 0, 1], [""barrier"", 0, 1], [""measure"", 0], [""measure"", 1]]","[""data\\qmutbench\\Origin_programs\\ghz_2_qubits.qasm"", ""data\\qmutbench\\Mutated_programs\\Mutants_ghz_2_qubits\\ReplaceGate_s_inPositionOfGate_1.qasm""]",OK,SUPPORTED,"{""anomaly_detected"": true, ""category"": ""PROGRAM_FAULT"", ""evidence"": [""Observed distribution differs from expected distribution by TVD=0.492188, which exceeds threshold=0.050000."", ""Step 0: expected h(1,)() but observed s(1,)()"", ""Mismatch score = 0.50"", ""Hardware calibration information was not provided.""], ""hardware_evidence_candidates"": [], ""hardware_result"": null, ""missing_evidence"": [""Hardware calibration information was not provided.""], ""program_evidence_candidates"": [{""actual_signature"": [""s"", [1], []], ""evidence"": [""Step 0: expected h(1,)() but observed s(1,)()"", ""Mismatch score = 0.50""], ""expected_signature"": [""h"", [1], []], ""index"": 0, ""operation"": ""s"", ""qubits"": [1], ""reason"": ""Gate operation differs from expected circuit"", ""score"": 0.5}], ""program_result"": {""anomaly_metric"": 0.5, ""candidates"": [{""actual_signature"": [""s"", [1], []], ""evidence"": [""Step 0: expected h(1,)() but observed s(1,)()"", ""Mismatch score = 0.50""], ""expected_signature"": [""h"", [1], []], ""index"": 0, ""operation"": ""s"", ""qubits"": [1], ""reason"": ""Gate operation differs from expected circuit"", ""score"": 0.5}], ""evidence"": [""Step 0: expected h(1,)() but observed s(1,)()"", ""Mismatch score = 0.50""], ""summary"": ""Program fault localization identified the following likely offending operation(s): step 0 (s)"", ""threshold"": 0.05}, ""statistics_result"": {""anomaly_detected"": true, ""expected_distribution"": {""00"": 0.5078125, ""01"": 0.0, ""10"": 0.0, ""11"": 0.4921875}, ""finite_shot_guard"": 0.05, ""hellinger_distance"": 0.5360880145209729, ""js_divergence"": 0.21149030503761912, ""message"": ""Observed distribution differs from expected distribution by TVD=0.492188, which exceeds threshold=0.050000."", ""observed_distribution"": {""00"": 1.0, ""01"": 0.0, ""10"": 0.0, ""11"": 0.0}, ""reason"": ""Distance exceeds configured threshold and finite-shot tolerance"", ""shots"": 1024, ""threshold"": 0.05, ""total_variation_distance"": 0.4921875}, ""summary"": ""An execution anomaly is accompanied by program-operation fault evidence.""}",True,
ReplaceGate_t_inPositionOfGate_1,True,False,[],True,COMPLETED,ReplaceGate,t_inPositionOfGate_1,,,MISSING,"[[""t"", 1], [""cx"", 1, 0], [""barrier"", 0, 1], [""barrier"", 0, 1], [""measure"", 0], [""measure"", 1]]",ReplaceGate,2,True,PROGRAM_FAULT,,"[[""h"", 1], [""cx"", 1, 0], [""barrier"", 0, 1], [""barrier"", 0, 1], [""measure"", 0], [""measure"", 1]]","[""data\\qmutbench\\Origin_programs\\ghz_2_qubits.qasm"", ""data\\qmutbench\\Mutated_programs\\Mutants_ghz_2_qubits\\ReplaceGate_t_inPositionOfGate_1.qasm""]",OK,SUPPORTED,"{""anomaly_detected"": true, ""category"": ""PROGRAM_FAULT"", ""evidence"": [""Observed distribution differs from expected distribution by TVD=0.492188, which exceeds threshold=0.050000."", ""Step 0: expected h(1,)() but observed t(1,)()"", ""Mismatch score = 0.50"", ""Hardware calibration information was not provided.""], ""hardware_evidence_candidates"": [], ""hardware_result"": null, ""missing_evidence"": [""Hardware calibration information was not provided.""], ""program_evidence_candidates"": [{""actual_signature"": [""t"", [1], []], ""evidence"": [""Step 0: expected h(1,)() but observed t(1,)()"", ""Mismatch score = 0.50""], ""expected_signature"": [""h"", [1], []], ""index"": 0, ""operation"": ""t"", ""qubits"": [1], ""reason"": ""Gate operation differs from expected circuit"", ""score"": 0.5}], ""program_result"": {""anomaly_metric"": 0.5, ""candidates"": [{""actual_signature"": [""t"", [1], []], ""evidence"": [""Step 0: expected h(1,)() but observed t(1,)()"", ""Mismatch score = 0.50""], ""expected_signature"": [""h"", [1], []], ""index"": 0, ""operation"": ""t"", ""qubits"": [1], ""reason"": ""Gate operation differs from expected circuit"", ""score"": 0.5}], ""evidence"": [""Step 0: expected h(1,)() but observed t(1,)()"", ""Mismatch score = 0.50""], ""summary"": ""Program fault localization identified the following likely offending operation(s): step 0 (t)"", ""threshold"": 0.05}, ""statistics_result"": {""anomaly_detected"": true, ""expected_distribution"": {""00"": 0.5078125, ""01"": 0.0, ""10"": 0.0, ""11"": 0.4921875}, ""finite_shot_guard"": 0.05, ""hellinger_distance"": 0.5360880145209729, ""js_divergence"": 0.21149030503761912, ""message"": ""Observed distribution differs from expected distribution by TVD=0.492188, which exceeds threshold=0.050000."", ""observed_distribution"": {""00"": 1.0, ""01"": 0.0, ""10"": 0.0, ""11"": 0.0}, ""reason"": ""Distance exceeds configured threshold and finite-shot tolerance"", ""shots"": 1024, ""threshold"": 0.05, ""total_variation_distance"": 0.4921875}, ""summary"": ""An execution anomaly is accompanied by program-operation fault evidence.""}",True,
ReplaceGate_x_inPositionOfGate_1,True,False,[],True,COMPLETED,ReplaceGate,x_inPositionOfGate_1,,,MISSING,"[[""x"", 1], [""cx"", 1, 0], [""barrier"", 0, 1], [""barrier"", 0, 1], [""measure"", 0], [""measure"", 1]]",ReplaceGate,2,True,PROGRAM_FAULT,,"[[""h"", 1], [""cx"", 1, 0], [""barrier"", 0, 1], [""barrier"", 0, 1], [""measure"", 0], [""measure"", 1]]","[""data\\qmutbench\\Origin_programs\\ghz_2_qubits.qasm"", ""data\\qmutbench\\Mutated_programs\\Mutants_ghz_2_qubits\\ReplaceGate_x_inPositionOfGate_1.qasm""]",OK,SUPPORTED,"{""anomaly_detected"": true, ""category"": ""PROGRAM_FAULT"", ""evidence"": [""Observed distribution differs from expected distribution by TVD=0.507812, which exceeds threshold=0.050000."", ""Step 0: expected h(1,)() but observed x(1,)()"", ""Mismatch score = 0.50"", ""Hardware calibration information was not provided.""], ""hardware_evidence_candidates"": [], ""hardware_result"": null, ""missing_evidence"": [""Hardware calibration information was not provided.""], ""program_evidence_candidates"": [{""actual_signature"": [""x"", [1], []], ""evidence"": [""Step 0: expected h(1,)() but observed x(1,)()"", ""Mismatch score = 0.50""], ""expected_signature"": [""h"", [1], []], ""index"": 0, ""operation"": ""x"", ""qubits"": [1], ""reason"": ""Gate operation differs from expected circuit"", ""score"": 0.5}], ""program_result"": {""anomaly_metric"": 0.5, ""candidates"": [{""actual_signature"": [""x"", [1], []], ""evidence"": [""Step 0: expected h(1,)() but observed x(1,)()"", ""Mismatch score = 0.50""], ""expected_signature"": [""h"", [1], []], ""index"": 0, ""operation"": ""x"", ""qubits"": [1], ""reason"": ""Gate operation differs from expected circuit"", ""score"": 0.5}], ""evidence"": [""Step 0: expected h(1,)() but observed x(1,)()"", ""Mismatch score = 0.50""], ""summary"": ""Program fault localization identified the following likely offending operation(s): step 0 (x)"", ""threshold"": 0.05}, ""statistics_result"": {""anomaly_detected"": true, ""expected_distribution"": {""00"": 0.5078125, ""01"": 0.0, ""10"": 0.0, ""11"": 0.4921875}, ""finite_shot_guard"": 0.05, ""hellinger_distance"": 0.5462959271126648, ""js_divergence"": 0.22007349613600494, ""message"": ""Observed distribution differs from expected distribution by TVD=0.507812, which exceeds threshold=0.050000."", ""observed_distribution"": {""00"": 0.0, ""01"": 0.0, ""10"": 0.0, ""11"": 1.0}, ""reason"": ""Distance exceeds configured threshold and finite-shot tolerance"", ""shots"": 1024, ""threshold"": 0.05, ""total_variation_distance"": 0.5078125}, ""summary"": ""An execution anomaly is accompanied by program-operation fault evidence.""}",True,
ReplaceGate_y_inPositionOfGate_1,True,False,[],True,COMPLETED,ReplaceGate,y_inPositionOfGate_1,,,MISSING,"[[""y"", 1], [""cx"", 1, 0], [""barrier"", 0, 1], [""barrier"", 0, 1], [""measure"", 0], [""measure"", 1]]",ReplaceGate,2,True,PROGRAM_FAULT,,"[[""h"", 1], [""cx"", 1, 0], [""barrier"", 0, 1], [""barrier"", 0, 1], [""measure"", 0], [""measure"", 1]]","[""data\\qmutbench\\Origin_programs\\ghz_2_qubits.qasm"", ""data\\qmutbench\\Mutated_programs\\Mutants_ghz_2_qubits\\ReplaceGate_y_inPositionOfGate_1.qasm""]",OK,SUPPORTED,"{""anomaly_detected"": true, ""category"": ""PROGRAM_FAULT"", ""evidence"": [""Observed distribution differs from expected distribution by TVD=0.507812, which exceeds threshold=0.050000."", ""Step 0: expected h(1,)() but observed y(1,)()"", ""Mismatch score = 0.50"", ""Hardware calibration information was not provided.""], ""hardware_evidence_candidates"": [], ""hardware_result"": null, ""missing_evidence"": [""Hardware calibration information was not provided.""], ""program_evidence_candidates"": [{""actual_signature"": [""y"", [1], []], ""evidence"": [""Step 0: expected h(1,)() but observed y(1,)()"", ""Mismatch score = 0.50""], ""expected_signature"": [""h"", [1], []], ""index"": 0, ""operation"": ""y"", ""qubits"": [1], ""reason"": ""Gate operation differs from expected circuit"", ""score"": 0.5}], ""program_result"": {""anomaly_metric"": 0.5, ""candidates"": [{""actual_signature"": [""y"", [1], []], ""evidence"": [""Step 0: expected h(1,)() but observed y(1,)()"", ""Mismatch score = 0.50""], ""expected_signature"": [""h"", [1], []], ""index"": 0, ""operation"": ""y"", ""qubits"": [1], ""reason"": ""Gate operation differs from expected circuit"", ""score"": 0.5}], ""evidence"": [""Step 0: expected h(1,)() but observed y(1,)()"", ""Mismatch score = 0.50""], ""summary"": ""Program fault localization identified the following likely offending operation(s): step 0 (y)"", ""threshold"": 0.05}, ""statistics_result"": {""anomaly_detected"": true, ""expected_distribution"": {""00"": 0.5078125, ""01"": 0.0, ""10"": 0.0, ""11"": 0.4921875}, ""finite_shot_guard"": 0.05, ""hellinger_distance"": 0.5462959271126648, ""js_divergence"": 0.22007349613600494, ""message"": ""Observed distribution differs from expected distribution by TVD=0.507812, which exceeds threshold=0.050000."", ""observed_distribution"": {""00"": 0.0, ""01"": 0.0, ""10"": 0.0, ""11"": 1.0}, ""reason"": ""Distance exceeds configured threshold and finite-shot tolerance"", ""shots"": 1024, ""threshold"": 0.05, ""total_variation_distance"": 0.5078125}, ""summary"": ""An execution anomaly is accompanied by program-operation fault evidence.""}",True,
ReplaceGate_z_inPositionOfGate_1,True,False,[],True,COMPLETED,ReplaceGate,z_inPositionOfGate_1,,,MISSING,"[[""z"", 1], [""cx"", 1, 0], [""barrier"", 0, 1], [""barrier"", 0, 1], [""measure"", 0], [""measure"", 1]]",ReplaceGate,2,True,PROGRAM_FAULT,,"[[""h"", 1], [""cx"", 1, 0], [""barrier"", 0, 1], [""barrier"", 0, 1], [""measure"", 0], [""measure"", 1]]","[""data\\qmutbench\\Origin_programs\\ghz_2_qubits.qasm"", ""data\\qmutbench\\Mutated_programs\\Mutants_ghz_2_qubits\\ReplaceGate_z_inPositionOfGate_1.qasm""]",OK,SUPPORTED,"{""anomaly_detected"": true, ""category"": ""PROGRAM_FAULT"", ""evidence"": [""Observed distribution differs from expected distribution by TVD=0.492188, which exceeds threshold=0.050000."", ""Step 0: expected h(1,)() but observed z(1,)()"", ""Mismatch score = 0.50"", ""Hardware calibration information was not provided.""], ""hardware_evidence_candidates"": [], ""hardware_result"": null, ""missing_evidence"": [""Hardware calibration information was not provided.""], ""program_evidence_candidates"": [{""actual_signature"": [""z"", [1], []], ""evidence"": [""Step 0: expected h(1,)() but observed z(1,)()"", ""Mismatch score = 0.50""], ""expected_signature"": [""h"", [1], []], ""index"": 0, ""operation"": ""z"", ""qubits"": [1], ""reason"": ""Gate operation differs from expected circuit"", ""score"": 0.5}], ""program_result"": {""anomaly_metric"": 0.5, ""candidates"": [{""actual_signature"": [""z"", [1], []], ""evidence"": [""Step 0: expected h(1,)() but observed z(1,)()"", ""Mismatch score = 0.50""], ""expected_signature"": [""h"", [1], []], ""index"": 0, ""operation"": ""z"", ""qubits"": [1], ""reason"": ""Gate operation differs from expected circuit"", ""score"": 0.5}], ""evidence"": [""Step 0: expected h(1,)() but observed z(1,)()"", ""Mismatch score = 0.50""], ""summary"": ""Program fault localization identified the following likely offending operation(s): step 0 (z)"", ""threshold"": 0.05}, ""statistics_result"": {""anomaly_detected"": true, ""expected_distribution"": {""00"": 0.5078125, ""01"": 0.0, ""10"": 0.0, ""11"": 0.4921875}, ""finite_shot_guard"": 0.05, ""hellinger_distance"": 0.5360880145209729, ""js_divergence"": 0.21149030503761912, ""message"": ""Observed distribution differs from expected distribution by TVD=0.492188, which exceeds threshold=0.050000."", ""observed_distribution"": {""00"": 1.0, ""01"": 0.0, ""10"": 0.0, ""11"": 0.0}, ""reason"": ""Distance exceeds configured threshold and finite-shot tolerance"", ""shots"": 1024, ""threshold"": 0.05, ""total_variation_distance"": 0.4921875}, ""summary"": ""An execution anomaly is accompanied by program-operation fault evidence.""}",True,
